GivenName,Surname,City,Company,Country,Department,EmployeeNumber,HomePhone,MobilePhone,POBox,StreetAddress,Title,SamAccountName,AccountPassword,EmailAddress,PasswordNeverExpires,PasswordNotRequired,Enabled,AllowReversiblePasswordEncryptio,AccountNotDelegated,AccountExpirationDate,TrustedForDelegation,OfficePhone,CompoundIdentitySupported,ChangePasswordAtLogon,CannotChangePassword,thumbnailPhoto,Name,OU,Group
Tristan,van Veen,Amsterdam Noord west,Topicware,NL,Services,44-558-3977,509938419,31403583130,3229 PS,Markt 389a,,Tristan51,gr7dw.]a2,tristan.van_veen@floris.nl,TRUE,FALSE,,,,7/14/2020,,,TRUE,FALSE,TRUE,https://api.adorable.io/avatars/500/Tristan van Veen.png,Tristan van Veen,"OU=VIP,DC=floris,DC=local",
Peter,Miggelenbrink,Amsterdam Noord west,Eazzy,NL,Support,34-719-5794,328029283,31487020167,3772 NE,Simon Lindhoutstraat 2,,Peter43,"bV,_K0mo(",peter.miggelenbrink@floris.nl,,TRUE,,,,6/14/2020,,,,TRUE,FALSE,https://api.adorable.io/avatars/500/Peter Miggelenbrink.png,Peter Miggelenbrink,,Finance-DS
Liese,Karsten,Amsterdam-Oost,Wikido,NL,Legal,54-479-1592,,31769289810,3920 VY,Borchmolendijk 2,,Liese21,yF&Aw(2`-,liese.karsten@floris.nl,,,,,,7/14/2020,,31173463669,,,,https://api.adorable.io/avatars/500/Liese Karsten.png,Liese Karsten,,
Florien,Haaisma,Almere Haven,Buzzshare,NL,Accounting,88-857-1854,,31627717589,3971 WL,Larenseweg 5,Esq,Florien18,)t'/T02t&,florien.haaisma@floris.nl,,,TRUE,FALSE,TRUE,,TRUE,31299575174,,,,,Florien Haaisma,,
Teije,Houben,Zaandam,Bluezoom,NL,Support,65-820-4975,,31541547705,3314 BT,Longway 5,Rev,Teije33,"`c,vj/:X""",teije.houben@floris.nl,,,,,,7/14/2020,,31553926908,,,,,Teije Houben,"OU=VIP,DC=floris,DC=local",Secretary-GD
Duco,Bolsius,Hoorn,Voomm,NL,Legal,61-507-4270,591373581,31609597095,,,Jr,Duco44,r\84l+PJ.,duco.bolsius@floris.nl,,,FALSE,FALSE,FALSE,,TRUE,31182093588,,,,,Duco Bolsius,,
Ferre,Beeksma,Alkmaar,Babbleset,NL,Training,71-949-6336,,31836742499,,,Hon,Ferre58,NM!ML7Jx%,ferre.beeksma@floris.nl,FALSE,,,,,6/22/2021,,31167547712,TRUE,,,,Ferre Beeksma,,Legal-US
Michel,van Genderen,Alkmaar,Realcube,NL,Legal,43-140-8451,,31779214895,,,,Michel19,")]0Wz7SP,",michel.van_genderen@floris.nl,,,,,,,,,,,,https://api.adorable.io/avatars/500/Michel van Genderen.png,Michel van Genderen,,
Fiene,Gysbrechts,Heemskerk,Brainverse,NL,Sales,54-790-6221,,31843767372,,,Jr,Fiene36,BG/&J3JD5,fiene.gysbrechts@floris.nl,,,,,,5/20/2021,,31136244129,,,,https://api.adorable.io/avatars/500/Fiene Gysbrechts.png,Fiene Gysbrechts,,HR-GS
Ernst,Evers-van Sante,IJmuiden,Dazzlesphere,NL,Product Management,89-824-0681,400718509,31619207118,,,Sr,Ernst31,dO)o_$U_.,ernst.evers-van_sante@floris.nl,,,,,,5/18/2022,,31450721375,,,,https://api.adorable.io/avatars/500/Ernst Evers-van Sante.png,Ernst Evers-van Sante,,
Jasper,N.N,Haarlem,Zazio,NL,Business Development,04-648-6539,,31568918782,,,Msgr,Jasper21,lT33H5^k#,jasper.n.n@floris.nl,FALSE,TRUE,,,,,,31406727036,FALSE,FALSE,FALSE,https://api.adorable.io/avatars/500/Jasper N.N.png,Jasper N.N,,Legal-US
Lia,de Groof,Haarlem,Linklinks,NL,Engineering,08-247-3763,,31406750790,,,St,Lia11,/E#F\0D[!,lia.de_groof@floris.nl,FALSE,TRUE,,,,8/31/2020,,31416747876,TRUE,TRUE,TRUE,https://api.adorable.io/avatars/500/Lia de Groof.png,Lia de Groof,"OU=Isolated,DC=floris,DC=local",
Mina,Hertel,Haarlem,LiveZ,NL,Sales,44-384-4063,,31978875705,5253 QT,Slachthuislaan 2,,Mina40,=W4oX'(i*,mina.hertel@floris.nl,,,,,,7/14/2020,,,,,,https://api.adorable.io/avatars/500/Mina Hertel.png,Mina Hertel,,
Floor,Poll,Haarlem,Quaxo,NL,Sales,85-774-4426,183334539,31322928173,1628 WI,Wilhelminalaan 135b,,Floor30,jA2JJ/Ka-,floor.poll@floris.nl,,,,,,3/16/2022,,,,,,https://api.adorable.io/avatars/500/Floor Poll.png,Floor Poll,,Finance-DS
Anton,"Kuijpers, Kuypers",Leidschendam,Ntag,NL,Training,18-555-8964,,31479701938,5638 NS,Wetering 51,,Anton57,:i7Ym5)R0,"anton.kuijpers,_kuypers@floris.nl",,,TRUE,FALSE,FALSE,,TRUE,,,,,"https://api.adorable.io/avatars/500/Anton Kuijpers, Kuypers.png","Anton Kuijpers, Kuypers",,
Ida,Rijswijk,Leidschendam,Eabox,NL,Human Resources,48-008-9523,,31509203760,4316 CO,Parallelweg 300,,Ida24,3X5gi3:f6,ida.rijswijk@floris.nl,,TRUE,TRUE,FALSE,TRUE,9/26/2020,TRUE,,,TRUE,TRUE,https://api.adorable.io/avatars/500/Ida Rijswijk.png,Ida Rijswijk,,
Willemina,van Bergen,Voorburg,Zava,NL,Product Management,65-557-9686,,31114043876,1607 RI,Europaweg 2-01,,Willemina51,Xk#hw#aI',willemina.van_bergen@floris.nl,,TRUE,,,,,,31132262557,,TRUE,FALSE,https://api.adorable.io/avatars/500/Willemina van Bergen.png,Willemina van Bergen,"OU=VIP,DC=floris,DC=local",HR-GS
Renier,van Steen,Voorburg,Meevee,NL,Accounting,06-037-6748,,31454879504,5287 LG,Wilhelminaweg 29,,Renier58,"aw$""L-_G-",renier.van_steen@floris.nl,,,,,,,,31520501318,,,,https://api.adorable.io/avatars/500/Renier van Steen.png,Renier van Steen,,
Jette,Lauwers,Rijswijk,Skalith,NL,Business Development,27-306-3822,,31664810453,2276 MA,Westeinde 10,,Jette41,lu&)b*`V9,jette.lauwers@floris.nl,,,,,,8/15/2021,,31389337539,,,,https://api.adorable.io/avatars/500/Jette Lauwers.png,Jette Lauwers,,
Eildert,Pelt,Leiden,Ntag,NL,Accounting,81-410-8093,279250186,31707018832,5409 UV,Rondweg 1168,Msgr,Eildert24,"?T$zA7xV,",eildert.pelt@floris.nl,FALSE,,,,,7/13/2020,,31180171394,FALSE,,,,Eildert Pelt,,HR-GS
Karel,Hagen,Alphen aan den Rijn,Avavee,NL,Support,88-839-8396,344556112,31603733476,1943 ZW,Lookant 8,Mrs,Karel31,\m)$G+=T3,karel.hagen@floris.nl,,FALSE,,,,8/21/2021,,31223728475,,TRUE,FALSE,,Karel Hagen,,
Carola,Nieuwland,Alphen aan den Rijn,Ntags,NL,Training,22-471-8917,153399599,31606507249,3368 FD,Krimweg 27,,Carola14,tS1%C!<u4,carola.nieuwland@floris.nl,,TRUE,TRUE,TRUE,FALSE,,FALSE,31413059754,,TRUE,FALSE,,Carola Nieuwland,,Secretary-GD
Pieterdina,Verbeek,Den Haag,Demimbu,NL,Product Management,24-305-7437,201316969,31688193419,3397 UI,Wegastraat 18a,Prof,Pieterdina33,BN&\Q3]L.,pieterdina.verbeek@floris.nl,,FALSE,,,,10/21/2020,,,,FALSE,FALSE,,Pieterdina Verbeek,,
Elle,Krijnen,Den Haag,Gabcube,NL,Support,74-050-3637,185660812,31674795638,3620 QH,Zaanstraat 1,Jr,Elle14,"VY!)i23v""",elle.krijnen@floris.nl,FALSE,TRUE,,,,11/15/2020,,,TRUE,FALSE,FALSE,https://api.adorable.io/avatars/500/Elle Krijnen.png,Elle Krijnen,,Finance-DS
Vincent,Weevers,Delft,Snaptags,NL,Support,83-905-2317,,31221398868,2940 AZ,Vermiljoenweg 1,,Vincent21,"+n""al4x[2",vincent.weevers@floris.nl,,TRUE,,,,,,,,FALSE,TRUE,https://api.adorable.io/avatars/500/Vincent Weevers.png,Vincent Weevers,"OU=VIP,DC=floris,DC=local",
Ella,Meuwis,Delft,Yakidoo,NL,Support,35-639-4966,,31691731798,,,,Ella46,4V6sr6co!,ella.meuwis@floris.nl,,FALSE,FALSE,TRUE,FALSE,10/25/2020,TRUE,,,TRUE,FALSE,https://api.adorable.io/avatars/500/Ella Meuwis.png,Ella Meuwis,,
Joanne,Jurgens,Delft,Quaxo,NL,Engineering,73-870-6623,,31335710559,,,,Joanne44,"^\"":S*^w)",joanne.jurgens@floris.nl,,,,,,7/14/2020,,31378468367,,,,https://api.adorable.io/avatars/500/Joanne Jurgens.png,Joanne Jurgens,,Legal-US
Boudewijn,Beiffits,Ridderkerk,Bubbletube,NL,Human Resources,57-569-9092,,31440440348,,,,Boudewijn16,",x.<A!KJ,",boudewijn.beiffits@floris.nl,TRUE,,,,,,,31246392198,TRUE,,,https://api.adorable.io/avatars/500/Boudewijn Beiffits.png,Boudewijn Beiffits,"OU=Isolated,DC=floris,DC=local",
Mark,Molenaar,Rotterdam postbusnummers,Omba,NL,Human Resources,11-707-5958,,31192822937,,,,Mark43,ZK2Eg+.w0,mark.molenaar@floris.nl,TRUE,FALSE,,,,7/14/2020,,,TRUE,FALSE,TRUE,https://api.adorable.io/avatars/500/Mark Molenaar.png,Mark Molenaar,,
Lammert,Pellens,Rotterdam,Thoughtmix,NL,Support,88-968-0135,,31778752000,,,,Lammert39,yv(0S.ww0,lammert.pellens@floris.nl,,TRUE,,,,,,31558765399,,FALSE,TRUE,https://api.adorable.io/avatars/500/Lammert Pellens.png,Lammert Pellens,,Secretary-GD
Melissa,Nelissen,Rotterdam,Voonder,NL,Legal,88-203-9412,,31290932164,1776 SB,Loes van Overeemlaan 102,,Melissa42,DS3Cx*!P1,melissa.nelissen@floris.nl,,,,,,,,31126983594,,,,https://api.adorable.io/avatars/500/Melissa Nelissen.png,Melissa Nelissen,,
Charlotte,van der Winkel,Dordrecht,Jazzy,NL,Human Resources,62-424-2111,164372280,31292662579,3773 RO,Bisonspoor 25,,Charlotte18,CB!M`!#l-,charlotte.van_der_winkel@floris.nl,,,,,,7/14/2020,,31353238463,,,,https://api.adorable.io/avatars/500/Charlotte van der Winkel.png,Charlotte van der Winkel,"OU=VIP,DC=floris,DC=local",HR-GS
Anno,van Steen,Dordrecht,Realpoint,NL,Product Management,61-467-0030,,31484492170,3728 RI,Stationsplein 27,,Anno33,"gz,qw3am%",anno.van_steen@floris.nl,,,,,,5/29/2020,,31548263510,,,,https://api.adorable.io/avatars/500/Anno van Steen.png,Anno van Steen,,
Godfried,Brouns,Nieuwegein,Browsezoom,NL,Legal,18-228-8261,,31685135703,1209 BL,Oudestraat 5,,Godfried49,2k+Is1XO2,godfried.brouns@floris.nl,FALSE,,,,,11/23/2021,,31130284572,FALSE,,,https://api.adorable.io/avatars/500/Godfried Brouns.png,Godfried Brouns,,Secretary-GD
Harmen,van der Vaart,Utrecht (stad),Rhyzio,NL,Services,06-555-4597,408989260,31733029645,1080 AC,Wetering 5,Ms,Harmen50,"aH.nh#VW""",harmen.van_der_vaart@floris.nl,TRUE,,,,,,,31106103192,TRUE,,,https://api.adorable.io/avatars/500/Harmen van der Vaart.png,Harmen van der Vaart,,
Marijke,Stuijt,Utrecht (stad),Edgeclub,NL,Human Resources,01-331-5047,,31406544549,2461 AS,Hogekampweg 8,Ms,Marijke31,kU%DY$.C$,marijke.stuijt@floris.nl,,,,,,10/27/2020,,,,,,,Marijke Stuijt,,
Lina,Meulen,Tiel,Yotz,NL,Legal,01-385-7261,465502665,31167832759,,,Prof,Lina36,*L!]x2KD6,lina.meulen@floris.nl,TRUE,,,,,6/28/2020,,,FALSE,,,,Lina Meulen,,Finance-DS
Michiel,van der Linden,Vlissingen,Skynoodle,NL,Training,01-611-7308,299213435,31787473380,5646 JL,Bredeweg 1,,Michiel56,ey2\D-!r7,michiel.van_der_linden@floris.nl,,,,,,6/24/2020,,,,,,,Michiel van der Linden,"OU=VIP,DC=floris,DC=local",
Teuntje,Bot,Breda,Zoozzy,NL,Marketing,25-012-5305,282463191,31859897824,1966 QY,Blauwe Kei 39,Jr,Teuntje40,ES2>V5%p4,teuntje.bot@floris.nl,,,,,,,,,,,,,Teuntje Bot,,
Diede,Wortel,Breda,Tagcat,NL,Human Resources,00-853-7917,422625629,31262897339,3964 DQ,Karel de Grotestraat 37,Esq,Diede52,8l)#V.hT6,diede.wortel@floris.nl,,,,,,7/14/2020,,,,,,,Diede Wortel,,
Merijn,Dekker,Breda,Blogtag,NL,Engineering,09-934-6721,227019706,31707922957,3703 UT,Rijn Middelburgstraat 41,St,Merijn30,"pG6""K)>\&",merijn.dekker@floris.nl,,,,,,,,,,,,,Merijn Dekker,,Secretary-GD
Jurjen,de Groof,Breda,Oozz,NL,Support,83-090-8706,572606861,31458304364,4946 MS,Beekstraat 50,Jr,Jurjen38,"Ih)UH,fV$",jurjen.de_groof@floris.nl,FALSE,,FALSE,FALSE,FALSE,,TRUE,31335818362,FALSE,,,https://api.adorable.io/avatars/500/Jurjen de Groof.png,Jurjen de Groof,"OU=VIP,DC=floris,DC=local",
Allegonda,Webber,Etten-Leur,Katz,NL,Training,84-627-0037,152148585,31527194937,1868 BP,Schiedamseweg 124,Mrs,Allegonda49,.V5Vb.Eh-,allegonda.webber@floris.nl,TRUE,,,,,8/25/2020,,31378279148,TRUE,,FALSE,https://api.adorable.io/avatars/500/Allegonda Webber.png,Allegonda Webber,,
Alje,Boersma,Tilburg,Jaxspan,NL,Accounting,77-623-7920,,31321813890,1412 PM,Torenlaan 1,Jr,Alje38,(s0Rp06H/,alje.boersma@floris.nl,,,,,,8/28/2021,,31131033600,,,,https://api.adorable.io/avatars/500/Alje Boersma.png,Alje Boersma,"OU=Isolated,DC=floris,DC=local",HR-GS
Greta,de Boer,Dongen,Dabshots,NL,Marketing,30-311-9111,,31816067856,2881 XD,Mathildelaan 69,Rev,Greta18,WR3ec/+O2,greta.de_boer@floris.nl,FALSE,,,,,,,,TRUE,,,https://api.adorable.io/avatars/500/Greta de Boer.png,Greta de Boer,,
Eltje,Laan,Waalwijk,Tazzy,NL,Support,10-066-0407,217347710,31846023492,,,Mrs,Eltje58,&E&a]*qE7,eltje.laan@floris.nl,,TRUE,,,,10/31/2020,,,,FALSE,FALSE,https://api.adorable.io/avatars/500/Eltje Laan.png,Eltje Laan,,Finance-DS
Silvijn,Crousaz,Rosmalen,Nlounge,NL,Research and Development,64-718-6531,342988262,31354192456,,,Jr,Silvijn34,BM(sp6HW1,silvijn.crousaz@floris.nl,FALSE,,,,,,,,TRUE,,,https://api.adorable.io/avatars/500/Silvijn Crousaz.png,Silvijn Crousaz,"OU=VIP,DC=floris,DC=local",
Anouk,van Luijpen,Oss,Geba,NL,Engineering,45-342-2215,,31947628139,,,,Anouk24,"mY'+C&IS""",anouk.van_luijpen@floris.nl,FALSE,,TRUE,TRUE,FALSE,6/18/2022,TRUE,31355832201,TRUE,,,,Anouk van Luijpen,"OU=VIP,DC=floris,DC=local",Legal-US
Arnold,Vlug,Oss,Topicshots,NL,Human Resources,06-642-3752,559417916,31177166444,,,,Arnold10,1J.2`*mA%,arnold.vlug@floris.nl,,,,,,11/21/2021,,31550977062,,,,,Arnold Vlug,"OU=VIP,DC=floris,DC=local",
Merlijn,"Meijer, Meyer",Veghel,Vinder,NL,Product Management,32-531-3805,,31271135925,3592 TL,Nieuwe Jachthaven 16,,Merlijn19,\m0TL9PQ2,"merlijn.meijer,_meyer@floris.nl",FALSE,,,,,,,31171367924,FALSE,,,,"Merlijn Meijer, Meyer","OU=VIP,DC=floris,DC=local",Secretary-GD
Cathelijne,Sanders,Veghel,Rooxo,NL,Engineering,85-711-7240,,31265915188,3872 SL,De Smidse 1,,Cathelijne34,"4[)\z""*e*",cathelijne.sanders@floris.nl,,,,,,10/29/2021,,31345195539,,,,,Cathelijne Sanders,"OU=VIP,DC=floris,DC=local",
Amal,van Loenen,Eindhoven,Muxo,NL,Human Resources,34-781-6441,412284780,31658591563,1382 DO,Krinkelwinkel 1,,Amal12,"Oq4#B3#O,",amal.van_loenen@floris.nl,TRUE,,,,,7/18/2021,,,TRUE,,,https://api.adorable.io/avatars/500/Amal van Loenen.png,Amal van Loenen,,
Thieme,Weenink,Venlo,Rhybox,NL,Training,46-479-8211,,31186925074,,Noordwal 28,,Thieme29,",A.U`1`E9",thieme.weenink@floris.nl,,,,,,6/13/2020,,31239609939,,,,https://api.adorable.io/avatars/500/Thieme Weenink.png,Thieme Weenink,,HR-GS
Nigel,Meulen,Venlo,Zoomdog,NL,Human Resources,16-942-9081,,31686476421,,Fahrenheitstraat 25,,Nigel51,Tr&$e8Sw2,nigel.meulen@floris.nl,,TRUE,,,,7/14/2020,,31474794700,,FALSE,TRUE,https://api.adorable.io/avatars/500/Nigel Meulen.png,Nigel Meulen,,
Nicolaas,Kuijpers,Maastricht,Vitz,NL,Research and Development,44-591-5525,,31251801673,,Wetering 11,,Nicolaas30,",E"",a*Jr1",nicolaas.kuijpers@floris.nl,,,,,,11/19/2020,,,,,,https://api.adorable.io/avatars/500/Nicolaas Kuijpers.png,Nicolaas Kuijpers,,
Leonard,de Vries,Maastricht,Fadeo,NL,Business Development,11-845-5017,312492393,31750455533,,Legtenbergerstraat 31,,Leonard27,hb3$M#Fq&,leonard.de_vries@floris.nl,,,,,,,,31383292109,,,,https://api.adorable.io/avatars/500/Leonard de Vries.png,Leonard de Vries,"OU=VIP,DC=floris,DC=local",
Gradus,Zonneveld,Nijmegen,Wordify,NL,Services,34-538-9162,,31371040561,5195 TD,Postelseweg 20a,,Gradus53,8h%b]3HZ.,gradus.zonneveld@floris.nl,,,,,,7/14/2020,,,,,,https://api.adorable.io/avatars/500/Gradus Zonneveld.png,Gradus Zonneveld,,
Engelina,van der Pand,Arnhem,Pixoboo,NL,Legal,54-970-1168,,31691911395,3728 RB,Hoofdweg 1,,Engelina52,Sd0\E1Ax/,engelina.van_der_pand@floris.nl,,,,,,10/24/2021,,31304534212,,,,,Engelina van der Pand,,Secretary-GD
Merlijn,Bosch,Arnhem,Mymm,NL,Sales,95-447-1522,,31746643077,2624 JK,Herenweg 5,,Merlijn43,#F(ro7sm-,merlijn.bosch@floris.nl,,,,,,,,31445995537,,,,,Merlijn Bosch,,
Evelien,Knuijsen,Doetinchem,Wikizz,NL,Human Resources,99-271-8574,376083630,31519123019,5867 EF,Terpstraat 292a,,Evelien20,"6^""gf-Rb""",evelien.knuijsen@floris.nl,FALSE,FALSE,,,,3/31/2021,,,TRUE,FALSE,FALSE,,Evelien Knuijsen,,
Tieme,Loon,Doetinchem,Babbleblab,NL,Services,98-933-8166,,31968277177,1972 OL,Bruggehoofd 35,,Tieme54,-Q(4C.@R',tieme.loon@floris.nl,,,,,,7/14/2020,,,,,,,Tieme Loon,"OU=VIP,DC=floris,DC=local",
Josefien,Claes,Apeldoorn,Fliptune,NL,Support,16-819-5742,462538027,31864997985,2506 MX,Wilhelminaweg 52,St,Josefien17,"7Z,vo1Wb#",josefien.claes@floris.nl,,,,,,11/22/2021,,,,,,,Josefien Claes,,Legal-US
Alje,Boons,Enschede,Gabcube,NL,Research and Development,06-683-7267,,31700236509,2967 HX,,Esq,Alje40,PX7Vd+rH&,alje.boons@floris.nl,,TRUE,FALSE,TRUE,TRUE,4/30/2020,FALSE,,,FALSE,FALSE,,Alje Boons,,
Liene,Thomassen,Hoogeveen,Twitternation,NL,Research and Development,58-729-1944,,31313391978,1609 VI,Hessenweg 2,Jr,Liene36,J`#ml7\Y.,liene.thomassen@floris.nl,,TRUE,,,,,,,,TRUE,FALSE,,Liene Thomassen,,
Floris,Postma,Zwolle,Topicstorm,NL,Engineering,39-922-8014,,31833650953,4812 KE,Molenstraat 17,Jr,Floris18,Ro)pg/Cv&,floris.postma@floris.nl,,,,,,7/14/2020,,31444426664,,,,https://api.adorable.io/avatars/500/Floris Postma.png,Floris Postma,"OU=Isolated,DC=floris,DC=local",HR-GS
Ferre,Biersteker,Zwolle,Mynte,NL,Services,94-048-2079,330636411,31139582871,3641 GO,Gerard Doulaan 2,Jr,Ferre43,gD9dz!ze',ferre.biersteker@floris.nl,,,,,,,,31357745857,,,,https://api.adorable.io/avatars/500/Ferre Biersteker.png,Ferre Biersteker,,Finance-DS
Finn,Stoelinga,Zwolle,Ntags,NL,Research and Development,64-603-6597,,31157666554,3404 FJ,Stationsplein 5,Esq,Finn42,rt3t]4vZ.,finn.stoelinga@floris.nl,,,,,,11/24/2021,,31256308163,,,,https://api.adorable.io/avatars/500/Finn Stoelinga.png,Finn Stoelinga,,
Emma,Brouwer,Lelystad,Zoombox,NL,Training,04-917-5177,,31146992786,1770 ZJ,President Kennedylaan 1,Jr,Emma17,WF-LX%Ik2,emma.brouwer@floris.nl,,,,,,7/14/2020,,31573937720,,,,https://api.adorable.io/avatars/500/Emma Brouwer.png,Emma Brouwer,,
Berendina,Karsten,Lelystad,Skinix,NL,Business Development,16-933-9748,188820493,31827315029,,,Rev,Berendina57,"-X""Wd)DO0",berendina.karsten@floris.nl,,,,,,7/14/2020,,,,,,https://api.adorable.io/avatars/500/Berendina Karsten.png,Berendina Karsten,,
Finn,N.N,Groningen,Buzzshare,NL,Human Resources,48-916-9843,305856814,31861524301,,,Hon,Finn11,ms6=y7Ll9,finn.n.n@floris.nl,,,,,,1/27/2022,,,,,,https://api.adorable.io/avatars/500/Finn N.N.png,Finn N.N,,
Dewi,Noots,Rosmalen,Lazz,NL,Training,78-277-3758,249646519,31358178434,,,Mr,Dewi42,"_M%hB!Nx""",dewi.noots@floris.nl,,,,,,2/18/2022,,,,,,https://api.adorable.io/avatars/500/Dewi Noots.png,Dewi Noots,,Secretary-GD
Alle,Oostendorp,Delft,Babblestorm,NL,Research and Development,15-485-3635,220197876,31851741379,4788 AJ,Van Schuijlenburgweg 50,,Alle36,Vm#UF*Nx(,alle.oostendorp@floris.nl,,,,,,,,,,,,https://api.adorable.io/avatars/500/Alle Oostendorp.png,Alle Oostendorp,"OU=VIP,DC=floris,DC=local",
Tonia,Buijvoets,Veghel,Ailane,NL,Support,03-478-7141,,31774895278,3607 NU,Delftseveerweg 9,,Tonia35,@O98h88u6,tonia.buijvoets@floris.nl,,,,,,7/16/2020,,,,,,https://api.adorable.io/avatars/500/Tonia Buijvoets.png,Tonia Buijvoets,,
Stijntje,Meuwis,Hengelo,Miboo,NL,Engineering,00-266-2015,,31547333789,3351 HK,Parklaan 61,,Stijntje57,bL#gr#1i#,stijntje.meuwis@floris.nl,TRUE,,,,,,,,FALSE,FALSE,,https://api.adorable.io/avatars/500/Stijntje Meuwis.png,Stijntje Meuwis,,Legal-US
Reijer,van Gent,Katwijk,Gigaclub,NL,Research and Development,95-275-8424,132874573,31717956121,,Straatweg 25,St,Reijer30,go!Q`9&f5,reijer.van_gent@floris.nl,,,,,,,,31375034533,,,,https://api.adorable.io/avatars/500/Reijer van Gent.png,Reijer van Gent,,
Mathijs,Boeyvoets,Breda,Skivee,NL,Research and Development,01-318-1219,,31879091769,,Middenweg 4,Hon,Mathijs42,$o/Dm/gg6,mathijs.boeyvoets@floris.nl,,TRUE,,,,7/14/2020,,31120277286,,TRUE,FALSE,https://api.adorable.io/avatars/500/Mathijs Boeyvoets.png,Mathijs Boeyvoets,,
Joanne,Erdogdu,Nijmegen,Jaxnation,NL,Engineering,68-572-0442,258517749,31955709168,,Houttuinlaan 15,Hon,Joanne34,;e1Fn3Uf2,joanne.erdogdu@floris.nl,,,,,,12/21/2021,,,,,,,Joanne Erdogdu,"OU=VIP,DC=floris,DC=local",HR-GS
Ize,Peters,Maastricht,Vipe,NL,Business Development,81-087-2484,496198747,31375097137,,Westeinde 1,Hon,Ize30,8L'#s3%X*,ize.peters@floris.nl,,,,,,12/23/2021,,31250971020,,,,,Ize Peters,,
Janna,Koppes,,,,,,,,2217 BG,,Jr,Janna20,pR/My5m\/,janna.koppes@floris.nl,,,,,,7/14/2020,,31369409017,,,,,Janna Koppes,,
Eduard,Völker,,,,,,,,4231 GY,Waezenburglaan 250,Hon,Eduard11,2`5M\%-Q/,eduard.völker@floris.nl,,,,,,,,31430978703,,,,,Eduard Völker,,Secretary-GD
Lisa,Pellens,,,,,,,,5679 EP,Kerklaan 20,,Lisa59,"SH)7F""#i9",lisa.pellens@floris.nl,,,,,,7/14/2020,,31133384100,,,,,Lisa Pellens,,
Otto,Caminada,,,,,,,,1966 AF,Breeakkerstraat 100d,Mr,Otto37,"ld,Zj1HO)",otto.caminada@floris.nl,,,TRUE,TRUE,TRUE,2/13/2022,TRUE,31472290805,,,,,Otto Caminada,"OU=VIP,DC=floris,DC=local",
Marretje,Poll,,,,,,509030554,,5536 MW,Albert Schweitzerlaan 3,St,Marretje32,"0f.3].ln""",marretje.poll@floris.nl,,,,,,7/14/2020,,,,,,,Marretje Poll,,
Geesje,Praets,,,,,,,,2870 OZ,Sint Joosterweg 5,,Geesje14,?A(Dl7FY.,geesje.praets@floris.nl,,,,,,,,31181307327,,,,https://api.adorable.io/avatars/500/Geesje Praets.png,Geesje Praets,,
August,Haaisma,,,,,,400828801,,4555 OJ,Bosschendijk 4,,Aug-53,Tg9Hf1]f',august.haaisma@floris.nl,,,,,,7/14/2020,,31387078985,,,,https://api.adorable.io/avatars/500/August Haaisma.png,August Haaisma,"OU=Isolated,DC=floris,DC=local",Finance-DS
Liese,de Jonge,,,,,,145817160,,1527 MM,,,Liese27,tw'#N*]r7,liese.de_jonge@floris.nl,,,,,,7/14/2020,,31271078051,,,,https://api.adorable.io/avatars/500/Liese de Jonge.png,Liese de Jonge,,
Teije,Schouten,,,,,,271735834,,2083 LI,,,Teije59,FO9QA5pP',teije.schouten@floris.nl,TRUE,,,,,,,31116722232,TRUE,,,,Teije Schouten,"OU=VIP,DC=floris,DC=local",
Teuntje,van Veen,,,,,,577577770,,5559 YV,,,Teuntje51,fW9Vn%p\5,teuntje.van_veen@floris.nl,,,,,,,,31522772769,,,,https://api.adorable.io/avatars/500/Teuntje van Veen.png,Teuntje van Veen,,Legal-US
Elise,Campbell,,,,,,457830853,,1157 UV,Havenweg 2,,Elise44,&g%-c&Yw3,elise.campbell@floris.nl,FALSE,,,,,,,31389035049,FALSE,,,https://api.adorable.io/avatars/500/Elise Campbell.png,Elise Campbell,,
Elle,Sanders,,,,,,,,,Logistiekweg 9,,Elle58,"FJ(hf5,E0",elle.sanders@floris.nl,,,,,,12/31/2021,,,,,,https://api.adorable.io/avatars/500/Elle Sanders.png,Elle Sanders,,
Divera,van Loo,,,,,,,,,Driehoeven 24,Hon,Divera29,rP/ox#>v%,divera.van_loo@floris.nl,,FALSE,,,,7/14/2020,,31172455445,,TRUE,FALSE,https://api.adorable.io/avatars/500/Divera van Loo.png,Divera van Loo,"OU=VIP,DC=floris,DC=local",
Mia,Brouwer,,,,,,552867605,,,Promenade 3,Ms,Mia34,"3s'L`3V]""",mia.brouwer@floris.nl,,,,,,10/23/2020,,31170183062,,,,https://api.adorable.io/avatars/500/Mia Brouwer.png,Mia Brouwer,,HR-GS
Laurens,Hertel,,,,,,,,,Bosstraat 20a,Mrs,Laurens25,2H8JA(8K%,laurens.hertel@floris.nl,,,,,,6/29/2022,,31448247084,,,,https://api.adorable.io/avatars/500/Laurens Hertel.png,Laurens Hertel,,
Thieme,Kok,,,,,,126184918,,1749 IK,Kasteel Traverse 3,Hon,Thieme28,"gi,Um'(R!",thieme.kok@floris.nl,FALSE,,,,,7/14/2020,,,FALSE,,,,Thieme Kok,,Legal-US
Eliza,Schipper,,,,,,411084517,,,,,Eliza59,XZ+=T%*Q4,eliza.schipper@floris.nl,,FALSE,,,,7/14/2020,,31494558893,,TRUE,FALSE,https://api.adorable.io/avatars/500/Eliza Schipper.png,Eliza Schipper,,
Siem,Smeets,,,,,,365519832,,,,,Siem43,I\%kM+1`0,siem.smeets@floris.nl,TRUE,FALSE,,,,7/14/2020,,31483606573,TRUE,FALSE,TRUE,https://api.adorable.io/avatars/500/Siem Smeets.png,Siem Smeets,"OU=VIP,DC=floris,DC=local",Secretary-GD
Lodewijk,van de Brink,,,,,,270405431,,,,,Lodewijk37,lK$gZ4wU*,lodewijk.van_de_brink@floris.nl,,TRUE,,,,,,31458443231,,TRUE,FALSE,https://api.adorable.io/avatars/500/Lodewijk van de Brink.png,Lodewijk van de Brink,,
Jasper,van Wijk,,,,,,409320757,,,,,Jasper43,"uQ#Zl""sJ9",jasper.van_wijk@floris.nl,,,,,,7/25/2021,,31433424285,,,,https://api.adorable.io/avatars/500/Jasper van Wijk.png,Jasper van Wijk,,
Sammie,Appeldoorn,,,,,,,,,,,Sammie12,\f1)H5&A',sammie.appeldoorn@floris.nl,,,,,,7/14/2020,,,,,,https://api.adorable.io/avatars/500/Sammie Appeldoorn.png,Sammie Appeldoorn,,Finance-DS
Menno,de Jonge,,,,,,325999530,,,,,Menno39,!Z7Aq6KE/,menno.de_jonge@floris.nl,,,,,,,,,,,,https://api.adorable.io/avatars/500/Menno de Jonge.png,Menno de Jonge,,
Menno,Thomassen,,,,,,349072298,,,,,Menno24,"nT,Kq&9N.",menno.thomassen@floris.nl,,,,,,7/14/2020,,,,,,https://api.adorable.io/avatars/500/Menno Thomassen.png,Menno Thomassen,,
Clasina,Brandon,,,,,,,,,,,Clasina56,ZF1Vm5Vv2,clasina.brandon@floris.nl,,,FALSE,FALSE,TRUE,,TRUE,,,,,,Clasina Brandon,,
Wouter,Nijhof,,,,,,314784769,,,,,Wouter25,">I""Lh'XR""",wouter.nijhof@floris.nl,,,,,,7/14/2020,,,,,,,Wouter Nijhof,,
Bouwina,van de Veen,,,,,,115505987,,,,,Bouwina37,HG0kc2ch+,bouwina.van_de_veen@floris.nl,,,FALSE,FALSE,FALSE,,TRUE,,,,,,Bouwina van de Veen,,HR-GS
Dingeman,Dijk,,,,,,,,,,,Dingeman52,Gd7l_+6U9,dingeman.dijk@floris.nl,,,,,,,,,,,,,Dingeman Dijk,,
Ilona,van Veen,,,,,,128527222,,,,,Ilona40,yQ0x]2TN7,ilona.van_veen@floris.nl,,,,,,10/23/2020,,,,,,,Ilona van Veen,"OU=Isolated,DC=floris,DC=local",
Afke,Gaalman,,,,,,367067335,,,,Prof,Afke38,"!S/=J$XD""",afke.gaalman@floris.nl,,,,,,8/14/2020,,,,,,https://api.adorable.io/avatars/500/Afke Gaalman.png,Afke Gaalman,"OU=Isolated,DC=floris,DC=local",Legal-US
Liese,Deckers,,,,,,,,,,Mr,Liese11,X\&i]*_H3,liese.deckers@floris.nl,,,,,,,,,,,,https://api.adorable.io/avatars/500/Liese Deckers.png,Liese Deckers,"OU=VIP,DC=floris,DC=local",
Joanne,Constant,,,,,,,,,,Hon,Joanne10,"HZ,Vx#Nm,",joanne.constant@floris.nl,TRUE,TRUE,,,,,,,TRUE,FALSE,TRUE,,Joanne Constant,,
Levina,Hoorn,,,,,,,,,,Esq,Levina59,1V1Hx.=^7,levina.hoorn@floris.nl,,,TRUE,TRUE,TRUE,,FALSE,31589252111,,,,https://api.adorable.io/avatars/500/Levina Hoorn.png,Levina Hoorn,,
Pleun,Meuwis,,,,,,369712899,,2367 IO,Tiberiusplein 12,Mr,Pleun13,YB&\x/bO2,pleun.meuwis@floris.nl,FALSE,,,,,12/18/2021,,31161839358,TRUE,,,https://api.adorable.io/avatars/500/Pleun Meuwis.png,Pleun Meuwis,,Finance-DS
Remmelt,Appels,,,,,,515088787,,3365 KP,Heiligeweg 75,,Remmelt16,6C/GM5Az1,remmelt.appels@floris.nl,,,,,,7/14/2020,,31459234578,,,,https://api.adorable.io/avatars/500/Remmelt Appels.png,Remmelt Appels,"OU=Isolated,DC=floris,DC=local",
Arnold,Sanders,,,,,,389853182,,5896 FY,Vijfkamplaan 106,Msgr,Arnold30,"nz,Fu#1m3",arnold.sanders@floris.nl,TRUE,,,,,1/14/2022,,31351953787,FALSE,,,https://api.adorable.io/avatars/500/Arnold Sanders.png,Arnold Sanders,"OU=Isolated,DC=floris,DC=local",
Meindert,Zonneveld,,,,,,320215686,,1441 BU,Operetteweg 22,,Meindert15,EZ)9h-+s1,meindert.zonneveld@floris.nl,,FALSE,,,,,,,,FALSE,FALSE,https://api.adorable.io/avatars/500/Meindert Zonneveld.png,Meindert Zonneveld,"OU=Isolated,DC=floris,DC=local",Secretary-GD
Lijsbeth,den Hertog,,,,,,443550891,,3037 WY,,Rev,Lijsbeth35,"]k3&e,EE0",lijsbeth.den_hertog@floris.nl,FALSE,,,,,7/14/2020,,,TRUE,,,,Lijsbeth den Hertog,"OU=Isolated,DC=floris,DC=local",
Berendina,Quant,,,,,,414973969,,5326 OI,,Mrs,Berendina54,"^b&?D+4W""",berendina.quant@floris.nl,TRUE,,,,,,,,TRUE,,,https://api.adorable.io/avatars/500/Berendina Quant.png,Berendina Quant,"OU=Isolated,DC=floris,DC=local",HR-GS
Nora,Jurgens,,,,,,,,3202 JW,,Ms,Nora17,mV7v`*`R1,nora.jurgens@floris.nl,,TRUE,,,,6/25/2021,,,,TRUE,FALSE,https://api.adorable.io/avatars/500/Nora Jurgens.png,Nora Jurgens,"OU=VIP,DC=floris,DC=local",
Luppo,Beumer,,,,,,525803251,,,,Esq,Luppo15,LU&B`0KY!,luppo.beumer@floris.nl,,,,,,4/23/2020,,,,,,https://api.adorable.io/avatars/500/Luppo Beumer.png,Luppo Beumer,"OU=Isolated,DC=floris,DC=local",
Cato,van de Velde,,,,,,272066601,,,C. Missetstraat 1,,Cato29,7c+[U.iA1,cato.van_de_velde@floris.nl,,,,,,12/27/2021,,31330645532,,,,https://api.adorable.io/avatars/500/Cato van de Velde.png,Cato van de Velde,"OU=Isolated,DC=floris,DC=local",
Vincent,Meeldijk,,,,,,447465060,,4923 QY,Hernandad 5,St,Vincent27,@X$!I)&U9,vincent.meeldijk@floris.nl,,,,,,4/23/2020,,31371788330,,,,,Vincent Meeldijk,"OU=Isolated,DC=floris,DC=local",Legal-US
Nina,Derks,,,,,,545533671,,1481 YW,Spuidijk 2,Mr,Nina20,"3m9ZH""$Z%",nina.derks@floris.nl,,,,,,10/20/2020,,31501274885,,,,https://api.adorable.io/avatars/500/Nina Derks.png,Nina Derks,"OU=Isolated,DC=floris,DC=local",
Pieter,de Vries,,,,,,198552054,,2742 QX,Surinameplein 3,,Pieter49,KV6hj!pf$,pieter.de_vries@floris.nl,,,,,,,,,,,,https://api.adorable.io/avatars/500/Pieter de Vries.png,Pieter de Vries,"OU=Isolated,DC=floris,DC=local",
Marijn,Wouters,,,,,,357597401,,5167 ZY,,,Marijn38,5B+!j8s^$,marijn.wouters@floris.nl,TRUE,TRUE,,,,4/23/2020,,31256725524,FALSE,FALSE,FALSE,,Marijn Wouters,"OU=Isolated,DC=floris,DC=local",Finance-DS
Janna,Martens,,,,,,519696790,,2330 TW,,,Janna58,lh+Zh#cC+,janna.martens@floris.nl,,,,,,,,31150782506,,,,,Janna Martens,"OU=VIP,DC=floris,DC=local",
Wieke,Beukers,,,,,,,,2540 WY,,,Wieke44,"Cc0Ej,Yb7",wieke.beukers@floris.nl,,,,,,8/23/2020,,,,,,,Wieke Beukers,"OU=Isolated,DC=floris,DC=local",Legal-US
Silvijn,Heggelaar,,,,,,,,2222 UB,,,Silvijn31,",^-hX7&a.",silvijn.heggelaar@floris.nl,TRUE,,,,,4/23/2020,,31434411927,FALSE,,,,Silvijn Heggelaar,"OU=Isolated,DC=floris,DC=local",Secretary-GD
Remco,Broekmans,,,,,,,,2546 DD,Hoofdstraat 111,,Remco43,"Lm7iD$""J7",remco.broekmans@floris.nl,TRUE,,,,,4/23/2020,,31549300106,TRUE,,,,Remco Broekmans,,
Ferre,Roels,,,,,,470626268,,4862 YO,Prins Bisschopsingel 4,,Ferre29,"Ie,=Q2=c&",ferre.roels@floris.nl,TRUE,,,,,8/28/2021,,31125439497,FALSE,FALSE,,,Ferre Roels,,
Hero,Praets,,,,,,481336474,,,De Deimpt 31,,Hero38,Ql92W70W#,hero.praets@floris.nl,,,,,,2/20/2021,,31164670294,,,,,Hero Praets,,HR-GS
Arnold,Valentijns,,,,,,395895110,,,Europalaan 5,,Arnold27,EO)Ze4xV0,arnold.valentijns@floris.nl,,TRUE,,,,4/23/2020,,,,TRUE,TRUE,,Arnold Valentijns,,
Antje,N.N,,,,,,233916563,,,Doelmanstraat 2-01,,Antje43,Ch%ev2zV5,antje.n.n@floris.nl,,,,,,,,31336338919,,,,,Antje N.N,,
Nanne,Wiegerink,,,,,,107307658,,,Jacoba van Beierenlaan 216,,Nanne54,"js30T""s`.",nanne.wiegerink@floris.nl,,,TRUE,TRUE,TRUE,4/30/2022,TRUE,,,,,,Nanne Wiegerink,"OU=VIP,DC=floris,DC=local",
Teun,van Hees,,,,,,592295695,,4361 OW,Raadhuislaan 51,Mr,Teun26,"Ga)Q`""*L3",teun.van_hees@floris.nl,,,,,,4/30/2022,,,,,,,Teun van Hees,,
Gerrit,van den Biesen,,,,,,232131538,,1506 LW,Planker 24,Hon,Gerrit20,su7wa&rt9,gerrit.van_den_biesen@floris.nl,,,,,,,,31567024041,,,,,Gerrit van den Biesen,,
Job,N.N,,,,,,,,4447 SS,Hoofdvaartseweg 95,Mr,Job28,Uc(AC1:l/,job.n.n@floris.nl,,FALSE,,,,4/30/2022,,,,FALSE,TRUE,,Job N.N,,
Egbert,Bär,,,,,,,,,,,Egbert17,"w_2!h""4k#",egbert.bär@floris.nl,,,,,,8/23/2021,,31283236214,,,,,Egbert Bär,,
Gesina,Verbeek,,,,,,222327233,,3880 VX,De Twijnderij 4,Rev,Gesina37,@Y6>]*Cn3,gesina.verbeek@floris.nl,,,,,,,,31319526127,,,,https://api.adorable.io/avatars/500/Gesina Verbeek.png,Gesina Verbeek,,
Thymen,Laagland,,,,,,150752543,,5931 MK,Nassaustraat 69,Sr,Thymen31,"Gc""-K,uC#",thymen.laagland@floris.nl,,,,,,,,,,,,https://api.adorable.io/avatars/500/Thymen Laagland.png,Thymen Laagland,,Finance-DS
Tijmen,Veenstra,,,,,,146426112,,1199 BQ,Kerklaan 44,Mrs,Tijmen33,9z(yQ+Pc.,tijmen.veenstra@floris.nl,,,,,,8/23/2021,,31551314289,,,,https://api.adorable.io/avatars/500/Tijmen Veenstra.png,Tijmen Veenstra,,Legal-US
Steven,Baljeu,,,,,,214817012,,4300 XS,Limaweg 51,Jr,Steven47,Or!zX&o]5,steven.baljeu@floris.nl,FALSE,TRUE,,,,8/23/2021,,,FALSE,TRUE,FALSE,,Steven Baljeu,"OU=Isolated,DC=floris,DC=local",
Leunis,Beukers,,,,,,403561950,,2196 DA,Singelpark 7,Mr,Leunis34,Ji*qk7:f0,leunis.beukers@floris.nl,,FALSE,,,,,,31357321460,,FALSE,FALSE,https://api.adorable.io/avatars/500/Leunis Beukers.png,Leunis Beukers,,Secretary-GD
Leonard,van Wijk,,,,,,282387515,,,,Ms,Leonard31,rt&'^4AI&,leonard.van_wijk@floris.nl,,FALSE,FALSE,TRUE,FALSE,,TRUE,31568409076,,TRUE,FALSE,https://api.adorable.io/avatars/500/Leonard van Wijk.png,Leonard van Wijk,,
Heino,van de Wal,,,,,,550955300,,,,,Heino14,"vW!JB""6n)",,,,,,,,,,,,,,Test,,
Gerard,Bra,,,,,,,,,,,Gerard30,"&]-cb""?`0",,,,,,,,,,,,,,TTT,,
Grietje,Haaisma,,,,,,,,,,,Grietje14,wt88c&Cz$,,,,,,,,,,,,,,Test2,,
Otto,Groen,,,,,,,,,,,Otto26,"mf.OS""&K""",,,,,,,,,,,,,,Test3,,
Esther,van der Winkel,,,,,,366527387,,1586 ZG,Stadhuisplein 25,,Esther25,?G2tv-=g4,esther.van_der_winkel@floris.nl,,TRUE,FALSE,FALSE,TRUE,,FALSE,31141110629,,TRUE,TRUE,,Test5,,
Dieke,Welling,,,,,,171638926,,3929 OI,Breeakkerstraat 70,,Dieke58,"jI,.R&fy!",dieke.welling@floris.nl,,,TRUE,FALSE,TRUE,10/23/2020,TRUE,31283205538,,,,https://api.adorable.io/avatars/500/Dieke Welling.png,Dieke Welling,"OU=Isolated,DC=floris,DC=local",HR-GS
Malisa,Westmeijer,,,,,,269424015,,4070 TP,,,Malisa37,"Co+<c3d]""",malisa.westmeijer@floris.nl,TRUE,,,,,,,,TRUE,,,https://api.adorable.io/avatars/500/Malisa Westmeijer.png,Malisa Westmeijer,"OU=VIP,DC=floris,DC=local",Legal-US
Wessel,Jannis,,,,,,488422872,,5717 OB,,,Wessel53,6I9:R/7G&,wessel.jannis@floris.nl,,FALSE,TRUE,TRUE,TRUE,10/23/2020,FALSE,31228753660,,FALSE,FALSE,https://api.adorable.io/avatars/500/Wessel Jannis.png,Wessel Jannis,"OU=Isolated,DC=floris,DC=local",Finance-DS
